﻿<parameters>
  <parameter name="IIS Web Application Name" defaultValue="Default Web Site/EbayMVC_deploy" tags="IisApp">
    <parameterEntry kind="ProviderPath" scope="IisApp" match="^C:\\Users\\richard\\documents\\visual\ studio\ 2010\\Projects\\EbayFactory\\EbayMVC\\obj\\Release\\Package\\PackageTmp$" />
    <parameterEntry kind="ProviderPath" scope="setAcl" match="^C:\\Users\\richard\\documents\\visual\ studio\ 2010\\Projects\\EbayFactory\\EbayMVC\\obj\\Release\\Package\\PackageTmp$" />
  </parameter>
  <parameter name="ProductsDBContext-Web.config Connection String" description="ProductsDBContext Connection String used in web.config by the application to access the database." defaultValue="Data Source=|DataDirectory|Store.sdf" tags="SqlConnectionString">
    <parameterEntry kind="XmlFile" scope="C:\\Users\\richard\\documents\\visual\ studio\ 2010\\Projects\\EbayFactory\\EbayMVC\\obj\\Release\\Package\\PackageTmp\\Web\.config$" match="/configuration/connectionStrings/add[@name='ProductsDBContext']/@connectionString" />
  </parameter>
  <parameter name="ApplicationServices-Web.config Connection String" description="ApplicationServices Connection String used in web.config by the application to access the database." defaultValue="data source=.\SQLEXPRESS;Integrated Security=SSPI;AttachDBFilename=|DataDirectory|aspnetdb.mdf;User Instance=true" tags="SqlConnectionString">
    <parameterEntry kind="XmlFile" scope="C:\\Users\\richard\\documents\\visual\ studio\ 2010\\Projects\\EbayFactory\\EbayMVC\\obj\\Release\\Package\\PackageTmp\\Web\.config$" match="/configuration/connectionStrings/add[@name='ApplicationServices']/@connectionString" />
  </parameter>
</parameters>